{"cameraMode":{"drawMode":0,"name":"Shaded","section":"Shading Mode"},"sceneLighting":true,"audioPlay":false,"sceneViewState":{"m_AlwaysRefresh":false,"showFog":true,"showSkybox":true,"showFlares":true,"showImageEffects":true,"showParticleSystems":true,"showVisualEffectGraphs":true,"m_FxEnabled":false},"in2DMode":false,"pivot":{"x":-133.1460723876953,"y":30.923885345458986,"z":-240.37600708007813},"rotation":{"x":-0.08569882065057755,"y":-0.01136089488863945,"z":0.0009772476041689516,"w":-0.9962557554244995},"size":3.5816423892974855,"orthographic":false}