{"cameraMode":{"drawMode":0,"name":"Shaded","section":"Shading Mode"},"sceneLighting":true,"audioPlay":false,"sceneViewState":{"m_AlwaysRefresh":false,"showFog":true,"showSkybox":true,"showFlares":true,"showImageEffects":true,"showParticleSystems":true,"showVisualEffectGraphs":true,"m_FxEnabled":false},"in2DMode":false,"pivot":{"x":-135.6962432861328,"y":29.144006729125978,"z":-241.3836669921875},"rotation":{"x":-0.055705633014440539,"y":-0.051798976957798007,"z":0.0028935817535966636,"w":-0.9970986843109131},"size":3.5816423892974855,"orthographic":false}