{"cameraMode":{"drawMode":0,"name":"Shaded","section":"Shading Mode"},"sceneLighting":true,"audioPlay":false,"sceneViewState":{"m_AlwaysRefresh":false,"showFog":true,"showSkybox":true,"showFlares":true,"showImageEffects":true,"showParticleSystems":true,"showVisualEffectGraphs":true,"m_FxEnabled":false},"in2DMode":false,"pivot":{"x":-135.6962432861328,"y":29.144006729125978,"z":-241.3836669921875},"rotation":{"x":-0.09615866094827652,"y":-0.005377450026571751,"z":0.0005166518385522068,"w":-0.9953578114509583},"size":3.5816423892974855,"orthographic":false}