{"cameraMode":{"drawMode":0,"name":"Shaded","section":"Shading Mode"},"sceneLighting":true,"audioPlay":false,"sceneViewState":{"m_AlwaysRefresh":false,"showFog":true,"showSkybox":true,"showFlares":true,"showImageEffects":true,"showParticleSystems":true,"showVisualEffectGraphs":true,"m_FxEnabled":false},"in2DMode":false,"pivot":{"x":-136.61065673828126,"y":29.431673049926759,"z":-241.29586791992188},"rotation":{"x":-0.11555099487304688,"y":-0.0008967950707301498,"z":0.00010427826055092737,"w":-0.9933013916015625},"size":609.60302734375,"orthographic":false}