{"cameraMode":{"drawMode":0,"name":"Shaded","section":"Shading Mode"},"sceneLighting":true,"audioPlay":false,"sceneViewState":{"m_AlwaysRefresh":false,"showFog":true,"showSkybox":true,"showFlares":true,"showImageEffects":true,"showParticleSystems":true,"showVisualEffectGraphs":true,"m_FxEnabled":false},"in2DMode":false,"pivot":{"x":-136.30140686035157,"y":29.337787628173829,"z":-241.43710327148438},"rotation":{"x":-0.10922370105981827,"y":0.08101554214954376,"z":-0.008936171419918538,"w":-0.9906749725341797},"size":3.5816423892974855,"orthographic":false}