{"cameraMode":{"drawMode":0,"name":"Shaded","section":"Shading Mode"},"sceneLighting":true,"audioPlay":false,"sceneViewState":{"m_AlwaysRefresh":false,"showFog":true,"showSkybox":true,"showFlares":true,"showImageEffects":true,"showParticleSystems":true,"showVisualEffectGraphs":true,"m_FxEnabled":false},"in2DMode":false,"pivot":{"x":347.70880126953127,"y":225.38427734375,"z":-1.781768798828125},"rotation":{"x":0.00005175674959900789,"y":0.9999297261238098,"z":0.004189694300293922,"w":-0.01170171145349741},"size":243.66732788085938,"orthographic":false}