{"cameraMode":{"drawMode":0,"name":"Shaded","section":"Shading Mode"},"sceneLighting":true,"audioPlay":false,"sceneViewState":{"m_AlwaysRefresh":false,"showFog":true,"showSkybox":true,"showFlares":true,"showImageEffects":true,"showParticleSystems":true,"showVisualEffectGraphs":true,"m_FxEnabled":false},"in2DMode":false,"pivot":{"x":-135.6962432861328,"y":29.144006729125978,"z":-241.3836669921875},"rotation":{"x":-0.08569882065057755,"y":-0.01136089488863945,"z":0.0009772476041689516,"w":-0.9962557554244995},"size":3.5816423892974855,"orthographic":false}