{"cameraMode":{"drawMode":0,"name":"Shaded","section":"Shading Mode"},"sceneLighting":true,"audioPlay":false,"sceneViewState":{"m_AlwaysRefresh":false,"showFog":true,"showSkybox":true,"showFlares":true,"showImageEffects":true,"showParticleSystems":true,"showVisualEffectGraphs":true,"m_FxEnabled":false},"in2DMode":false,"pivot":{"x":-68.79078674316406,"y":28.688663482666017,"z":138.13304138183595},"rotation":{"x":0.015627261251211168,"y":0.7282249331474304,"z":-0.016613256186246873,"w":0.6849676370620728},"size":12.434391021728516,"orthographic":false}