{"cameraMode":{"drawMode":0,"name":"Shaded","section":"Shading Mode"},"sceneLighting":true,"audioPlay":false,"sceneViewState":{"m_AlwaysRefresh":false,"showFog":true,"showSkybox":true,"showFlares":true,"showImageEffects":true,"showParticleSystems":true,"showVisualEffectGraphs":true,"m_FxEnabled":false},"in2DMode":false,"pivot":{"x":-25.009368896484376,"y":-3.456210136413574,"z":-32.391197204589847},"rotation":{"x":0.022302739322185518,"y":0.8598020672798157,"z":-0.03769160807132721,"w":0.5087516903877258},"size":34.259986877441409,"orthographic":false}