{"cameraMode":{"drawMode":0,"name":"Shaded","section":"Shading Mode"},"sceneLighting":true,"audioPlay":false,"sceneViewState":{"m_AlwaysRefresh":false,"showFog":true,"showSkybox":true,"showFlares":true,"showImageEffects":true,"showParticleSystems":true,"showVisualEffectGraphs":true,"m_FxEnabled":false},"in2DMode":false,"pivot":{"x":-127.76882934570313,"y":28.254838943481447,"z":-244.5008544921875},"rotation":{"x":-0.0025402281899005176,"y":0.3376219570636749,"z":0.0008808113634586334,"w":0.9413073658943176},"size":17.1413631439209,"orthographic":false}