{"cameraMode":{"drawMode":0,"name":"Shaded","section":"Shading Mode"},"sceneLighting":true,"audioPlay":false,"sceneViewState":{"m_AlwaysRefresh":false,"showFog":true,"showSkybox":true,"showFlares":true,"showImageEffects":true,"showParticleSystems":true,"showVisualEffectGraphs":true,"m_FxEnabled":false},"in2DMode":false,"pivot":{"x":-133.24343872070313,"y":29.531129837036134,"z":-232.7264404296875},"rotation":{"x":0.049692586064338687,"y":0.06226341053843498,"z":-0.003149117575958371,"w":0.9968446493148804},"size":3.422847270965576,"orthographic":false}