{"cameraMode":{"drawMode":0,"name":"Shaded","section":"Shading Mode"},"sceneLighting":true,"audioPlay":false,"sceneViewState":{"m_AlwaysRefresh":false,"showFog":true,"showSkybox":true,"showFlares":true,"showImageEffects":true,"showParticleSystems":true,"showVisualEffectGraphs":true,"m_FxEnabled":false},"in2DMode":false,"pivot":{"x":-135.6962432861328,"y":29.144006729125978,"z":-241.3836669921875},"rotation":{"x":-0.12448231130838394,"y":-0.006848851218819618,"z":0.0008564176969230175,"w":-0.9922040700912476},"size":5.381643295288086,"orthographic":false}